[
  {
    "Type": "Z001",
    "Documents": [
      {
        "DocumentNumber": "20000000000000000",
        "DocumentType": "ZPP",
        "DocumentPart": "000",
        "DocumentVersion": "00"
      },
      {
        "DocumentNumber": "20000000000000003",
        "DocumentType": "ZPP",
        "DocumentPart": "000",
        "DocumentVersion": "00"
      },
      {
        "DocumentNumber": "20000000000000004",
        "DocumentType": "ZPP",
        "DocumentPart": "000",
        "DocumentVersion": "00"
      }
    ]
  },
  {
    "Type": "Z006",
    "Documents": [
      {
        "DocumentNumber": "20000000000000001",
        "DocumentType": "ZPP",
        "DocumentPart": "000",
        "DocumentVersion": "00"
      }
    ]
  },
  {
    "Type": "Z007",
    "Documents": [
      {
        "DocumentNumber": "20000000000000002",
        "DocumentType": "ZPP",
        "DocumentPart": "000",
        "DocumentVersion": "00"
      }
    ]
  }
]
